id,name,WKT
426,Colac Bay/Ōraka,LOC,POINT (1205949.55535 4853065.413164)
427,Colac Bay/Ōraka,BAY,POINT (1208242.531016 4852284.8976)
