WKT,ID
"MULTIPOLYGON Z (((534586.835368027 725756.198823342 0,535288.413990388 726139.414037239 0,535341.474558465 725190.219430519 0,534899.303157819 724718.569936493 0,534156.455204732 725266.862473296 0,534586.835368027 725756.198823342 0)))",1
"MULTIPOLYGON Z (((534810.868877688 727047.339313235 0,535093.858574103 726835.097040925 0,535435.804457271 726846.888278278 0,535388.639507869 726469.568683054 0,534975.946200596 726351.656309549 0,534639.895936104 726546.211725833 0,534563.252893327 726923.531321056 0,534810.868877688 727047.339313235 0)))",2
"MULTISURFACE Z (CURVEPOLYGON Z (COMPOUNDCURVE Z ((532617.698730478 726263.222029418 0,533778.749499125 726793.621209962 0),CIRCULARSTRING Z (533778.749499125 726793.621209962 0,534031.164724155 726758.132658406 0,534250.785103535 726628.750387289 0),(534250.785103535 726628.750387289 0,534489.027379339 726416.087902565 0),CIRCULARSTRING Z (534489.027379339 726416.087902565 0,534383.792710315 726183.927295322 0,534197.724535458 726009.710426385 0),(534197.724535458 726009.710426385 0,533543.310862501 725602.912737787 0,532617.698730478 726263.222029418 0))))",3
"MULTISURFACE Z (CURVEPOLYGON Z (COMPOUNDCURVE Z (CIRCULARSTRING Z (533017.463810447 724362.047854263 0,532446.342873672 724777.166915435 0,532887.178590107 725328.680134213 0),(532887.178590107 725328.680134213 0,533017.463810447 724362.047854263 0))))",4
